Linhas Sismicas,Precision,Recall,F1-Score,IoU
0303-0342,0.90947,0.63897,0.75059,0.60076
0303-0357,0.94638,0.74262,0.83221,0.71264
0303-0361,0.93732,0.73908,0.82648,0.70427
0375-1032,0.92499,0.62986,0.74941,0.59925
0375-1034,0.90237,0.83596,0.86789,0.76662
